{
  "playlists": [
    {
      "name": "Old songs",
      "lastModifiedDate": "2022-11-05",
      "items": [
        {
          "track": {
            "trackName": "Bade Achhe Lagte Hain",
            "artistName": "Amit Kumar",
            "albumName": "Balika Badhu",
            "trackUri": "spotify:track:6MZCYPT3hZPzwJGLnXn1RF"
          },
          "episode": null,
          "localTrack": null,
          "addedDate": "2022-11-05"
        },
        {
          "track": {
            "trackName": "Lag Ja Gale Se Phir",
            "artistName": "Lata Mangeshkar",
            "albumName": "Woh Kaun Thi",
            "trackUri": "spotify:track:5Y5c5bJK0O7KJDDAYKkppH"
          },
          "episode": null,
          "localTrack": null,
          "addedDate": "2022-11-05"
        },
        {
          "track": {
            "trackName": "Abhi Na Jao Chhod Kar",
            "artistName": "Asha Bhosle",
            "albumName": "Hum Dono (Original Motion Picture Soundtrack)",
            "trackUri": "spotify:track:2oaKoKA8bvgWfBi9M8wEVJ"
          },
          "episode": null,
          "localTrack": null,
          "addedDate": "2022-11-05"
        },
        {
          "track": {
            "trackName": "Saibo",
            "artistName": "Sachin-Jigar",
            "albumName": "Shor in the City (Original Motion Picture Soundtrack)",
            "trackUri": "spotify:track:6udC4b4jOSnHb9ItnXgKLR"
          },
          "episode": null,
          "localTrack": null,
          "addedDate": "2022-11-05"
        },
        {
          "track": {
            "trackName": "Agar Tum Saath Ho (From \"Tamasha\")",
            "artistName": "Alka Yagnik",
            "albumName": "Love Forever With Arijit Singh",
            "trackUri": "spotify:track:2FCXQHugkoHE1K3tiDu8pu"
          },
          "episode": null,
          "localTrack": null,
          "addedDate": "2022-11-05"
        },
        {
          "track": {
            "trackName": "Phir Le Aya Dil",
            "artistName": "Pritam",
            "albumName": "Barfi! (Original Motion Picture Soundtrack)",
            "trackUri": "spotify:track:2OvldWM8rVnp7QCn9eCrr1"
          },
          "episode": null,
          "localTrack": null,
          "addedDate": "2022-11-05"
        },
        {
          "track": {
            "trackName": "Bade Achhe Lagte Hain",
            "artistName": "Amit Kumar",
            "albumName": "Balika Badhu",
            "trackUri": "spotify:track:6MZCYPT3hZPzwJGLnXn1RF"
          },
          "episode": null,
          "localTrack": null,
          "addedDate": "2022-11-05"
        },
        {
          "track": {
            "trackName": "Lag Ja Gale Se Phir",
            "artistName": "Lata Mangeshkar",
            "albumName": "Woh Kaun Thi",
            "trackUri": "spotify:track:5Y5c5bJK0O7KJDDAYKkppH"
          },
          "episode": null,
          "localTrack": null,
          "addedDate": "2022-11-05"
        },
        {
          "track": {
            "trackName": "Abhi Na Jao Chhod Kar",
            "artistName": "Asha Bhosle",
            "albumName": "Hum Dono (Original Motion Picture Soundtrack)",
            "trackUri": "spotify:track:2oaKoKA8bvgWfBi9M8wEVJ"
          },
          "episode": null,
          "localTrack": null,
          "addedDate": "2022-11-05"
        },
        {
          "track": {
            "trackName": "Saibo",
            "artistName": "Sachin-Jigar",
            "albumName": "Shor in the City (Original Motion Picture Soundtrack)",
            "trackUri": "spotify:track:6udC4b4jOSnHb9ItnXgKLR"
          },
          "episode": null,
          "localTrack": null,
          "addedDate": "2022-11-05"
        },
        {
          "track": {
            "trackName": "Agar Tum Saath Ho (From \"Tamasha\")",
            "artistName": "Alka Yagnik",
            "albumName": "Love Forever With Arijit Singh",
            "trackUri": "spotify:track:2FCXQHugkoHE1K3tiDu8pu"
          },
          "episode": null,
          "localTrack": null,
          "addedDate": "2022-11-05"
        },
        {
          "track": {
            "trackName": "Phir Le Aya Dil",
            "artistName": "Pritam",
            "albumName": "Barfi! (Original Motion Picture Soundtrack)",
            "trackUri": "spotify:track:2OvldWM8rVnp7QCn9eCrr1"
          },
          "episode": null,
          "localTrack": null,
          "addedDate": "2022-11-05"
        }
      ],
      "description": null,
      "numberOfFollowers": 0
    },
    {
      "name": "Hindi songs",
      "lastModifiedDate": "2022-12-01",
      "items": [
        {
          "track": {
            "trackName": "Mere Yaaraa",
            "artistName": "Arijit Singh",
            "albumName": "Sooryavanshi",
            "trackUri": "spotify:track:1jFkjPgBzsIgUyfPiaREx8"
          },
          "episode": null,
          "localTrack": null,
          "addedDate": "2022-11-05"
        },
        {
          "track": {
            "trackName": "Tum Se Hi",
            "artistName": "Pritam",
            "albumName": "Jab We Met",
            "trackUri": "spotify:track:7eQl3Yqv35ioqUfveKHitE"
          },
          "episode": null,
          "localTrack": null,
          "addedDate": "2022-11-05"
        },
        {
          "track": {
            "trackName": "Nazm Nazm",
            "artistName": "Arko",
            "albumName": "Bareilly Ki Barfi",
            "trackUri": "spotify:track:1We89SAonMk70QBbfXERxa"
          },
          "episode": null,
          "localTrack": null,
          "addedDate": "2022-11-05"
        },
        {
          "track": {
            "trackName": "Khairiyat",
            "artistName": "Pritam",
            "albumName": "Chhichhore",
            "trackUri": "spotify:track:5O932cZmzOZGOGZz9RHx20"
          },
          "episode": null,
          "localTrack": null,
          "addedDate": "2022-11-05"
        },
        {
          "track": {
            "trackName": "Aaoge Jab Tum",
            "artistName": "Rashid Khan",
            "albumName": "Jab We Met",
            "trackUri": "spotify:track:3fWMFwaJil8fD14JCgwbcL"
          },
          "episode": null,
          "localTrack": null,
          "addedDate": "2022-11-05"
        },
        {
          "track": {
            "trackName": "Maula Mere Maula",
            "artistName": "Roop Kumar Rathod",
            "albumName": "Anwar",
            "trackUri": "spotify:track:4CGBTtlrjZj7ydpV52cgB4"
          },
          "episode": null,
          "localTrack": null,
          "addedDate": "2022-11-05"
        },
        {
          "track": {
            "trackName": "Darasal (From \"Raabta\")",
            "artistName": "Atif Aslam",
            "albumName": "Darasal (From \"Raabta\")",
            "trackUri": "spotify:track:3phw912iJRhtMfsdJ1k3Sr"
          },
          "episode": null,
          "localTrack": null,
          "addedDate": "2022-11-18"
        },
        {
          "track": {
            "trackName": "Jaan 'Nisaar (Arijit)",
            "artistName": "Arijit Singh",
            "albumName": "Kedarnath",
            "trackUri": "spotify:track:6pzlnyHTVYi5FOmrgOmC95"
          },
          "episode": null,
          "localTrack": null,
          "addedDate": "2022-11-18"
        },
        {
          "track": {
            "trackName": "Qaafirana",
            "artistName": "Arijit Singh",
            "albumName": "Kedarnath",
            "trackUri": "spotify:track:0xkGTPTijMU84dtHr3KQQi"
          },
          "episode": null,
          "localTrack": null,
          "addedDate": "2022-11-18"
        },
        {
          "track": {
            "trackName": "Mera Mann Kehne Laga",
            "artistName": "Falak Shabbir",
            "albumName": "Latest Songs Of Ayushmann Khurrana",
            "trackUri": "spotify:track:1ai3itvPFcWilE9NX0JTCf"
          },
          "episode": null,
          "localTrack": null,
          "addedDate": "2022-11-18"
        },
        {
          "track": {
            "trackName": "Ajab Si (From \"Om Shanti Om\")",
            "artistName": "KK",
            "albumName": "Zindagi Do Pal Ki - K.K. All Time Hits",
            "trackUri": "spotify:track:2RgvvnMwtP0R2OkVZmFvnV"
          },
          "episode": null,
          "localTrack": null,
          "addedDate": "2022-11-18"
        },
        {
          "track": {
            "trackName": "Pehli Dafa",
            "artistName": "Atif Aslam",
            "albumName": "Pehli Dafa",
            "trackUri": "spotify:track:4Tkb7zsDmsawB7S5TpKQV1"
          },
          "episode": null,
          "localTrack": null,
          "addedDate": "2022-11-18"
        },
        {
          "track": {
            "trackName": "Tu Jaane Na",
            "artistName": "Atif Aslam",
            "albumName": "Ajab Prem Ki Ghazab Kahani",
            "trackUri": "spotify:track:4iFPsNzNV7V9KJgcOX7TEO"
          },
          "episode": null,
          "localTrack": null,
          "addedDate": "2022-11-18"
        },
        {
          "track": {
            "trackName": "Shayad",
            "artistName": "Pritam",
            "albumName": "Love Aaj Kal",
            "trackUri": "spotify:track:1smFN2CLqGROu0J0UyvDfL"
          },
          "episode": null,
          "localTrack": null,
          "addedDate": "2022-11-18"
        },
        {
          "track": {
            "trackName": "Saiyyan",
            "artistName": "Kailash Kher",
            "albumName": "Kailasa Jhoomo Re",
            "trackUri": "spotify:track:2vR23BjIzpLMtzsyKrM6Mb"
          },
          "episode": null,
          "localTrack": null,
          "addedDate": "2022-11-18"
        },
        {
          "track": {
            "trackName": "Humdard (From \"Ek Villain\")",
            "artistName": "Arijit Singh",
            "albumName": "Ultimate Love Songs - Arijit Singh",
            "trackUri": "spotify:track:2PvaburAUlhNHxVhw5lvOq"
          },
          "episode": null,
          "localTrack": null,
          "addedDate": "2022-11-18"
        },
        {
          "track": {
            "trackName": "Sukoon Mila",
            "artistName": "Arijit Singh",
            "albumName": "Mary Kom",
            "trackUri": "spotify:track:4nydCE0L7G13XLKPzvLlNs"
          },
          "episode": null,
          "localTrack": null,
          "addedDate": "2022-11-18"
        },
        {
          "track": {
            "trackName": "Tose Naina (From \"Mickey Virus)",
            "artistName": "Arijit Singh",
            "albumName": "Love Dose Arijit Singh",
            "trackUri": "spotify:track:2fMlezwwP5Hr1UwuAknN4o"
          },
          "episode": null,
          "localTrack": null,
          "addedDate": "2022-11-18"
        },
        {
          "track": {
            "trackName": "Saibo",
            "artistName": "Sachin-Jigar",
            "albumName": "Shor in the City (Original Motion Picture Soundtrack)",
            "trackUri": "spotify:track:6udC4b4jOSnHb9ItnXgKLR"
          },
          "episode": null,
          "localTrack": null,
          "addedDate": "2022-11-18"
        },
        {
          "track": {
            "trackName": "Ye Tune Kya Kiya",
            "artistName": "Pritam",
            "albumName": "Once Upon Ay Time In Mumbai Dobaara !",
            "trackUri": "spotify:track:2cPUB8EOT6AfJ8oxhyoNXL"
          },
          "episode": null,
          "localTrack": null,
          "addedDate": "2022-11-18"
        },
        {
          "track": {
            "trackName": "Mast Magan (From \"2 States\")",
            "artistName": "Arijit Singh",
            "albumName": "Groove With Arijit Singh",
            "trackUri": "spotify:track:4wIWWEhbdgKAxhR68eE0Ye"
          },
          "episode": null,
          "localTrack": null,
          "addedDate": "2022-11-18"
        },
        {
          "track": {
            "trackName": "Dekha Hazaro Dafaa",
            "artistName": "Arijit Singh",
            "albumName": "Rustom",
            "trackUri": "spotify:track:7AV1hh76pC1mg4iSH796Vp"
          },
          "episode": null,
          "localTrack": null,
          "addedDate": "2022-11-18"
        },
        {
          "track": {
            "trackName": "Lae Dooba",
            "artistName": "Sunidhi Chauhan",
            "albumName": "Aiyaary",
            "trackUri": "spotify:track:4cNbz1UdBCrnGOg0NNP1iF"
          },
          "episode": null,
          "localTrack": null,
          "addedDate": "2022-11-20"
        },
        {
          "track": {
            "trackName": "Jashn-E-Bahaaraa",
            "artistName": "A.R. Rahman",
            "albumName": "Jodhaa Akbar",
            "trackUri": "spotify:track:1O5mTSQa0sCce9ghhDqIZl"
          },
          "episode": null,
          "localTrack": null,
          "addedDate": "2022-11-20"
        },
        {
          "track": {
            "trackName": "Hosanna",
            "artistName": "A.R. Rahman",
            "albumName": "Vinnathaandi Varuvaayaa (Original Motion Picture Soundtrack)",
            "trackUri": "spotify:track:3l7JaDIJmWMpvcJqhTJjrk"
          },
          "episode": null,
          "localTrack": null,
          "addedDate": "2022-11-20"
        },
        {
          "track": {
            "trackName": "Hosanna",
            "artistName": "A.R. Rahman",
            "albumName": "Ekk Deewana Tha (Original Motion Picture Soundtrack)",
            "trackUri": "spotify:track:5NChQ2tXB9q9D8kdkLTWOL"
          },
          "episode": null,
          "localTrack": null,
          "addedDate": "2022-11-20"
        },
        {
          "track": {
            "trackName": "Tera Hone Laga Hoon",
            "artistName": "Atif Aslam",
            "albumName": "Ajab Prem Ki Ghazab Kahani",
            "trackUri": "spotify:track:0dLbrlAVPPjpPqnYfmJsWk"
          },
          "episode": null,
          "localTrack": null,
          "addedDate": "2022-11-20"
        },
        {
          "track": {
            "trackName": "Jaan Ban Gaye",
            "artistName": "Mithoon",
            "albumName": "Jaan Ban Gaye (From \"Khuda Haafiz\")",
            "trackUri": "spotify:track:30CDYWqqitNHUa0DGaUeIE"
          },
          "episode": null,
          "localTrack": null,
          "addedDate": "2022-11-20"
        },
        {
          "track": {
            "trackName": "Phir Kabhi (From \"M.S.Dhoni - The Untold Story\")",
            "artistName": "Arijit Singh",
            "albumName": "2016 Shinning Star - Arijit Singh",
            "trackUri": "spotify:track:77gskLti3ilCnuwlDq0m8j"
          },
          "episode": null,
          "localTrack": null,
          "addedDate": "2022-11-21"
        },
        {
          "track": {
            "trackName": "Mann Mera",
            "artistName": "Gajendra Verma",
            "albumName": "Table No. 21 (Original Motion Picture Soundtrack)",
            "trackUri": "spotify:track:3yV2c3cYhkAwSsxAq6nRiv"
          },
          "episode": null,
          "localTrack": null,
          "addedDate": "2022-11-21"
        },
        {
          "track": {
            "trackName": "Jab Tak (From \"M.S.Dhoni - The Untold Story\")",
            "artistName": "Armaan Malik",
            "albumName": "2016 Shinning Star - Armaan Malik",
            "trackUri": "spotify:track:6tkl6rjuXWtVOCaXSSSCz2"
          },
          "episode": null,
          "localTrack": null,
          "addedDate": "2022-11-21"
        },
        {
          "track": {
            "trackName": "Humsafar (From \"Badrinath Ki Dulhania\")",
            "artistName": "Akhil Sachdeva",
            "albumName": "Best Of Akhil Sachdeva",
            "trackUri": "spotify:track:7aE1lfskJLMHQnzCCP1zsV"
          },
          "episode": null,
          "localTrack": null,
          "addedDate": "2022-11-21"
        },
        {
          "track": {
            "trackName": "Raabta (Kehte Hain Khuda Ne)",
            "artistName": "Pritam",
            "albumName": "Agent Vinod",
            "trackUri": "spotify:track:11PgL2XjsTBszhAPqttBJS"
          },
          "episode": null,
          "localTrack": null,
          "addedDate": "2022-11-21"
        },
        {
          "track": {
            "trackName": "I Love You",
            "artistName": "Pritam",
            "albumName": "Bodyguard",
            "trackUri": "spotify:track:5bHDGWyIFML1LYXZWTD5MF"
          },
          "episode": null,
          "localTrack": null,
          "addedDate": "2022-11-21"
        },
        {
          "track": {
            "trackName": "Gazab Ka Hai Din (From \"Dil Juunglee\")",
            "artistName": "Jubin Nautiyal",
            "albumName": "Romantic Hits By Jubin Nautiyal",
            "trackUri": "spotify:track:4byiHL0b9mIoCUCjbjI4eA"
          },
          "episode": null,
          "localTrack": null,
          "addedDate": "2022-11-21"
        },
        {
          "track": {
            "trackName": "Tenu Na Bol Pawaan",
            "artistName": "Yasser Desai",
            "albumName": "Behen Hogi Teri",
            "trackUri": "spotify:track:5mp7og60TpyNiKi2p9Morw"
          },
          "episode": null,
          "localTrack": null,
          "addedDate": "2022-11-21"
        },
        {
          "track": {
            "trackName": "Thodi Der",
            "artistName": "Farhan Saeed",
            "albumName": "Half Girlfriend",
            "trackUri": "spotify:track:5kl6FcnZv8jQDgNSWNyfpN"
          },
          "episode": null,
          "localTrack": null,
          "addedDate": "2022-11-21"
        },
        {
          "track": {
            "trackName": "Jogi",
            "artistName": "Yasser Desai",
            "albumName": "Shaadi Mein Zaroor Aana",
            "trackUri": "spotify:track:4GrowvVL3xpUgfnXj6mVRH"
          },
          "episode": null,
          "localTrack": null,
          "addedDate": "2022-11-21"
        },
        {
          "track": {
            "trackName": "Stay A Little Longer",
            "artistName": "Anushka Shahaney",
            "albumName": "Half Girlfriend",
            "trackUri": "spotify:track:0OMETVKtbSo60jaunOVNl5"
          },
          "episode": null,
          "localTrack": null,
          "addedDate": "2022-11-21"
        },
        {
          "track": {
            "trackName": "Tu Chahiye",
            "artistName": "Atif Aslam",
            "albumName": "Bajrangi Bhaijaan",
            "trackUri": "spotify:track:3aaiAWCet6sbfOfLSn3g7i"
          },
          "episode": null,
          "localTrack": null,
          "addedDate": "2022-11-21"
        },
        {
          "track": {
            "trackName": "Ajj Din Chadheya",
            "artistName": "Rahat Fateh Ali Khan",
            "albumName": "Love Aaj Kal (Original Motion Picture Soundtrack)",
            "trackUri": "spotify:track:4NmWv6PEGEAmorN5UN9fRo"
          },
          "episode": null,
          "localTrack": null,
          "addedDate": "2022-11-21"
        },
        {
          "track": {
            "trackName": "Ishq Bulaava",
            "artistName": "Vishal-Shekhar",
            "albumName": "Hasee Toh Phasee (Original Motion Picture Soundtrack)",
            "trackUri": "spotify:track:1fkjRQA8wXPPyxqYLbxuqy"
          },
          "episode": null,
          "localTrack": null,
          "addedDate": "2022-11-21"
        },
        {
          "track": {
            "trackName": "Tere Jeya Hor Disda (LoFi)",
            "artistName": "Madhur Sharma",
            "albumName": "Tere Jeya Hor Disda (LoFi)",
            "trackUri": "spotify:track:3dBlOhEY4xdQB2Ge4NzULx"
          },
          "episode": null,
          "localTrack": null,
          "addedDate": "2022-12-01"
        },
        {
          "track": {
            "trackName": "Tu Jhoom",
            "artistName": "Naseebo Lal",
            "albumName": "Tu Jhoom",
            "trackUri": "spotify:track:2xRtXbFAmk3cW6xE1zF7ye"
          },
          "episode": null,
          "localTrack": null,
          "addedDate": "2022-12-01"
        },
        {
          "track": {
            "trackName": "Lagan Laagi Re",
            "artistName": "Amit Trivedi",
            "albumName": "Songs of Love",
            "trackUri": "spotify:track:3bM0sCyyhglscs8EvsBZ36"
          },
          "episode": null,
          "localTrack": null,
          "addedDate": "2022-12-01"
        }
      ],
      "description": null,
      "numberOfFollowers": 1
    },
    {
      "name": "Gaurav's",
      "lastModifiedDate": "2022-07-07",
      "items": [
        {
          "track": {
            "trackName": "Tujhko Jo Paaya - Lo-fi",
            "artistName": "Lofiwaala",
            "albumName": "Tujhko Jo Paaya",
            "trackUri": "spotify:track:0YAqnx0Rw6ZkKboySFU7zU"
          },
          "episode": null,
          "localTrack": null,
          "addedDate": "2022-07-07"
        },
        {
          "track": {
            "trackName": "Mast Magan Lofi",
            "artistName": "Bollywood Boys",
            "albumName": "Mast Magan Lofi",
            "trackUri": "spotify:track:5mdITbC6nidnX7bV0tJeN8"
          },
          "episode": null,
          "localTrack": null,
          "addedDate": "2022-07-07"
        },
        {
          "track": {
            "trackName": "Mera Mann (Lo-fi Remix )",
            "artistName": "Lofiwaala",
            "albumName": "Mera Mann (Lo-fi Remix )",
            "trackUri": "spotify:track:1bVyGEGJ3oNqBUKv2jZFSo"
          },
          "episode": null,
          "localTrack": null,
          "addedDate": "2022-07-07"
        },
        {
          "track": {
            "trackName": "Ek Ajnabee Haseena X Kya Hua Tera Wada",
            "artistName": "Deep Joshi",
            "albumName": "Ek Ajnabee Haseena X Kya Hua Tera Wada",
            "trackUri": "spotify:track:65PisRxWnPfS0G7mqKPW9y"
          },
          "episode": null,
          "localTrack": null,
          "addedDate": "2022-07-07"
        },
        {
          "track": {
            "trackName": "Ranjha - Lofi Flip",
            "artistName": "VIBIE",
            "albumName": "Ranjha",
            "trackUri": "spotify:track:7vwTvVDpsONocB0zr8ShtJ"
          },
          "episode": null,
          "localTrack": null,
          "addedDate": "2022-07-07"
        },
        {
          "track": {
            "trackName": "Ek Ladki Ko Dekha Toh Aisa Laga - LoFi",
            "artistName": "Darshan Raval",
            "albumName": "LoFi Chill Mix",
            "trackUri": "spotify:track:1fP5KNEzaOG6VzjktlwsY3"
          },
          "episode": null,
          "localTrack": null,
          "addedDate": "2022-07-07"
        },
        {
          "track": {
            "trackName": "Kya Mujhe Pyaar Hai (LoFi Flip)",
            "artistName": "Dj Vicky Belgaum",
            "albumName": "Kya Mujhe Pyaar Hai (LoFi Flip)",
            "trackUri": "spotify:track:5Sa8sQ6XIR1DvRqfMEgN9R"
          },
          "episode": null,
          "localTrack": null,
          "addedDate": "2022-07-07"
        },
        {
          "track": {
            "trackName": "khoya sa",
            "artistName": "KASYAP",
            "albumName": "khoya sa",
            "trackUri": "spotify:track:2yspDGJntwkUjvzjSbeqZg"
          },
          "episode": null,
          "localTrack": null,
          "addedDate": "2022-07-07"
        },
        {
          "track": {
            "trackName": "Jashne Bahara - Lofi Flip",
            "artistName": "Jammy Weirdo",
            "albumName": "Jashne Bahara",
            "trackUri": "spotify:track:21hHDH6amg7qm9QR9vfqb9"
          },
          "episode": null,
          "localTrack": null,
          "addedDate": "2022-07-07"
        },
        {
          "track": {
            "trackName": "Iktara - Lofi Flip",
            "artistName": "Kavita Seth",
            "albumName": "Iktara",
            "trackUri": "spotify:track:7JOFplrLQfYkuEcWCASZDo"
          },
          "episode": null,
          "localTrack": null,
          "addedDate": "2022-07-07"
        },
        {
          "track": {
            "trackName": "Love Me Thoda Lofi",
            "artistName": "Swattrex",
            "albumName": "Swattrex Ke Lofi",
            "trackUri": "spotify:track:15BDf9qq9tl09Yw5l6fvrI"
          },
          "episode": null,
          "localTrack": null,
          "addedDate": "2022-07-07"
        },
        {
          "track": {
            "trackName": "Kaise Bataun Tumhe",
            "artistName": "Kshitij Vishwakarma",
            "albumName": "Kaise Bataun Tumhe",
            "trackUri": "spotify:track:5pUR4TWbXX4WKTpoODhJPe"
          },
          "episode": null,
          "localTrack": null,
          "addedDate": "2022-07-07"
        },
        {
          "track": {
            "trackName": "Alag Aasmaan (Acoustic)",
            "artistName": "Anuv Jain",
            "albumName": "Alag Aasmaan (Acoustic)",
            "trackUri": "spotify:track:1gxmaTGnxEgZuV8485tevN"
          },
          "episode": null,
          "localTrack": null,
          "addedDate": "2022-07-07"
        },
        {
          "track": {
            "trackName": "Parinda",
            "artistName": "Anubha Bajaj",
            "albumName": "Parinda",
            "trackUri": "spotify:track:1fwEs4Yn2jswUH7lj1HUEH"
          },
          "episode": null,
          "localTrack": null,
          "addedDate": "2022-07-07"
        },
        {
          "track": {
            "trackName": "Chal Chalein",
            "artistName": "Savneet Singh",
            "albumName": "Chal Chalein",
            "trackUri": "spotify:track:6dqV709NCFeLj1pjocJtSp"
          },
          "episode": null,
          "localTrack": null,
          "addedDate": "2022-07-07"
        },
        {
          "track": {
            "trackName": "Ajib Dastan Hai Yeh - LoFi",
            "artistName": "Lata Mangeshkar",
            "albumName": "Lofi Chill Mix",
            "trackUri": "spotify:track:0QuJBzeSuk3vqwNmnBvhSM"
          },
          "episode": null,
          "localTrack": null,
          "addedDate": "2022-07-07"
        },
        {
          "track": {
            "trackName": "Tishnagi (Lofi)",
            "artistName": "Semwal",
            "albumName": "Tishnagi (Lofi)",
            "trackUri": "spotify:track:3r1fmlYBwHYZOS1XZ59Ut8"
          },
          "episode": null,
          "localTrack": null,
          "addedDate": "2022-07-07"
        },
        {
          "track": {
            "trackName": "Agar",
            "artistName": "Kshitij Vishwakarma",
            "albumName": "Agar",
            "trackUri": "spotify:track:2rf7kpguUYeBz6dHuC3IKm"
          },
          "episode": null,
          "localTrack": null,
          "addedDate": "2022-07-07"
        },
        {
          "track": {
            "trackName": "Aankhon mein teri / Tera hone laga hoon (medley)",
            "artistName": "Samit Kapoor",
            "albumName": "Aankhon mein teri / Tera hone laga hoon (medley)",
            "trackUri": "spotify:track:4psDGgIDekmdHp2Vm6PNjT"
          },
          "episode": null,
          "localTrack": null,
          "addedDate": "2022-07-07"
        },
        {
          "track": {
            "trackName": "Dil Na Jaaneya (Unplugged)",
            "artistName": "Arijit Singh",
            "albumName": "Good Newwz",
            "trackUri": "spotify:track:6xULxfhlT3TBpTHBiaLcAt"
          },
          "episode": null,
          "localTrack": null,
          "addedDate": "2022-07-07"
        },
        {
          "track": {
            "trackName": "Waqt Ki Baatein",
            "artistName": "Dream Note",
            "albumName": "Waqt Ki Baatein - Single",
            "trackUri": "spotify:track:1lIYP8fDGGnp91OMTUnwjV"
          },
          "episode": null,
          "localTrack": null,
          "addedDate": "2022-07-07"
        },
        {
          "track": {
            "trackName": "Kasoor - Acoustic",
            "artistName": "Prateek Kuhad",
            "albumName": "Shehron Ke Raaz",
            "trackUri": "spotify:track:117gRrOjnRkMCgWxNtDNSv"
          },
          "episode": null,
          "localTrack": null,
          "addedDate": "2022-07-07"
        },
        {
          "track": {
            "trackName": "Teri Hogaiyaan Lofi Mix",
            "artistName": "Sanjay S Yadav",
            "albumName": "Teri Hogaiyaan Lofi Mix",
            "trackUri": "spotify:track:0463k0z2J1zmUNcSgriaYT"
          },
          "episode": null,
          "localTrack": null,
          "addedDate": "2022-07-07"
        },
        {
          "track": {
            "trackName": "Vaadein Nibha - Acoustic",
            "artistName": "somanshu",
            "albumName": "Vaadein Nibha",
            "trackUri": "spotify:track:0UKt2mIRQoza2SsbNYdBPp"
          },
          "episode": null,
          "localTrack": null,
          "addedDate": "2022-07-07"
        },
        {
          "track": {
            "trackName": "Tum Mile - Lofi Flip",
            "artistName": "KSW",
            "albumName": "Tum Mile",
            "trackUri": "spotify:track:1CsRoIeHaHRysPMoEaKRoQ"
          },
          "episode": null,
          "localTrack": null,
          "addedDate": "2022-07-07"
        },
        {
          "track": {
            "trackName": "Haar Gaya",
            "artistName": "Kartikaymusic",
            "albumName": "Haar Gaya",
            "trackUri": "spotify:track:23UdwFPoPsGTMkzKGwivyg"
          },
          "episode": null,
          "localTrack": null,
          "addedDate": "2022-07-07"
        },
        {
          "track": {
            "trackName": "Zara Zara (lofi)",
            "artistName": "Swattrex",
            "albumName": "Zara Zara (lofi)",
            "trackUri": "spotify:track:4sFGq4KPdeMHu3oqvr9ixX"
          },
          "episode": null,
          "localTrack": null,
          "addedDate": "2022-07-07"
        },
        {
          "track": {
            "trackName": "Main Tumhara : Lo-fi Version - Tribute to Sushant Singh Rajput",
            "artistName": "A.R. Rahman",
            "albumName": "Main Tumhara : Lo-fi Version",
            "trackUri": "spotify:track:7uNEFfWr0kPmmyOTfvNMdf"
          },
          "episode": null,
          "localTrack": null,
          "addedDate": "2022-07-07"
        },
        {
          "track": {
            "trackName": "Te Amo x Tera Hone Laga Hoon - Acoustic",
            "artistName": "NIRAJ",
            "albumName": "Te Amo x Tera Hone Laga Hoon",
            "trackUri": "spotify:track:1iZGUetamOKBeJKJKh6UCn"
          },
          "episode": null,
          "localTrack": null,
          "addedDate": "2022-07-07"
        },
        {
          "track": {
            "trackName": "Rehnuma",
            "artistName": "Last Minute India",
            "albumName": "Rehnuma",
            "trackUri": "spotify:track:4l9YKebWc0WGhcNbtJFeRe"
          },
          "episode": null,
          "localTrack": null,
          "addedDate": "2022-07-07"
        },
        {
          "track": {
            "trackName": "Tose Naina (From \"Mickey Virus\")",
            "artistName": "Arijit Singh",
            "albumName": "Soulful Sufi's",
            "trackUri": "spotify:track:70UVYSIGQzwptU7gelP0sp"
          },
          "episode": null,
          "localTrack": null,
          "addedDate": "2022-07-07"
        },
        {
          "track": {
            "trackName": "Pee Loon-Ishq Sufiyana",
            "artistName": "Neha Kakkar",
            "albumName": "Pee Loon-Ishq Sufiyana (From \"T-Series Mixtape\")",
            "trackUri": "spotify:track:7tcFwF9YaYTBvgkioJCBOU"
          },
          "episode": null,
          "localTrack": null,
          "addedDate": "2022-07-07"
        },
        {
          "track": {
            "trackName": "Bollywood Romantic Lofi Mashup",
            "artistName": "Visual Chinmay",
            "albumName": "Bollywood Romantic Lofi Mashup",
            "trackUri": "spotify:track:2XCLO2n0OlkokN2PUz3tRm"
          },
          "episode": null,
          "localTrack": null,
          "addedDate": "2022-07-07"
        },
        {
          "track": {
            "trackName": "Ek Ladki Bheegi Bhagi Si - LoFi",
            "artistName": "Kishore Kumar",
            "albumName": "LoFi Songs",
            "trackUri": "spotify:track:1Hk6J3mn2HVuWdEJWKQl0X"
          },
          "episode": null,
          "localTrack": null,
          "addedDate": "2022-07-07"
        },
        {
          "track": {
            "trackName": "Aankhon Mein Teri - Reprise",
            "artistName": "Manas Roy",
            "albumName": "Aankhon Mein Teri",
            "trackUri": "spotify:track:2DtfJ5XsEcw7ZuQNPs3kSB"
          },
          "episode": null,
          "localTrack": null,
          "addedDate": "2022-07-07"
        },
        {
          "track": {
            "trackName": "Tere Bina - Lofi Flip",
            "artistName": "Jay Kava",
            "albumName": "Tere Bina - Lofi Flip",
            "trackUri": "spotify:track:56NEBOZVI0GxY3kI542uAu"
          },
          "episode": null,
          "localTrack": null,
          "addedDate": "2022-07-07"
        },
        {
          "track": {
            "trackName": "Raanjhanaa - Lofi Flip",
            "artistName": "Silent Ocean",
            "albumName": "Raanjhanaa",
            "trackUri": "spotify:track:3TEpHcylaJDZyYOiBVzlwN"
          },
          "episode": null,
          "localTrack": null,
          "addedDate": "2022-07-07"
        },
        {
          "track": {
            "trackName": "Ek Ladki Ko Dekha Toh Aisa Laga - Title Track",
            "artistName": "Darshan Raval",
            "albumName": "Ek Ladki Ko Dekha Toh Aisa Laga",
            "trackUri": "spotify:track:3IOgP2PSCTdoAID7VmMGEh"
          },
          "episode": null,
          "localTrack": null,
          "addedDate": "2022-07-07"
        },
        {
          "track": {
            "trackName": "Teri Jhuki Nazar (lofi)",
            "artistName": "Soham Patel Śp",
            "albumName": "Teri Jhuki Nazar (lofi)",
            "trackUri": "spotify:track:2Zak6LWrjk8hiVJZpkcz9h"
          },
          "episode": null,
          "localTrack": null,
          "addedDate": "2022-07-07"
        },
        {
          "track": {
            "trackName": "Rangi Saari - Lofi",
            "artistName": "Deep Joshi",
            "albumName": "Rangi Saari - Lofi",
            "trackUri": "spotify:track:41pXTQ9z0TGcIWbE1Brg3q"
          },
          "episode": null,
          "localTrack": null,
          "addedDate": "2022-07-07"
        },
        {
          "track": {
            "trackName": "Ilahi (Slowed+Reverb) - Lo-Fi Version",
            "artistName": "The Lofi King",
            "albumName": "Ilahi (Slowed+Reverb)",
            "trackUri": "spotify:track:0EYmC6US0WZOoy0H3mR74i"
          },
          "episode": null,
          "localTrack": null,
          "addedDate": "2022-07-07"
        },
        {
          "track": {
            "trackName": "Besabriyaan X Phir Kbhi",
            "artistName": "Ashutosh Bagora",
            "albumName": "Besabriyaan X Phir Kbhi",
            "trackUri": "spotify:track:5j4uFmYKSSDp5Ozc2izRaN"
          },
          "episode": null,
          "localTrack": null,
          "addedDate": "2022-07-07"
        },
        {
          "track": {
            "trackName": "Kyon - Lo-Fi Remix",
            "artistName": "Harsh",
            "albumName": "Kyon",
            "trackUri": "spotify:track:3rnyHxdgshjVrQ604RM3J3"
          },
          "episode": null,
          "localTrack": null,
          "addedDate": "2022-07-07"
        },
        {
          "track": {
            "trackName": "Maine Royaan (Lofi Remix)",
            "artistName": "Tanveer Evan",
            "albumName": "Maine Royaan (Lofi Remix)",
            "trackUri": "spotify:track:3khiYRqf3tjb6PSGBhkfl4"
          },
          "episode": null,
          "localTrack": null,
          "addedDate": "2022-07-07"
        },
        {
          "track": {
            "trackName": "Farq hai",
            "artistName": "Suzonn",
            "albumName": "Farq hai",
            "trackUri": "spotify:track:6MZyrnqwsLnrWY5Gk0AyXg"
          },
          "episode": null,
          "localTrack": null,
          "addedDate": "2022-07-07"
        },
        {
          "track": {
            "trackName": "Akhiyan Kare Jee Hazoori - Lo-Fi Remix",
            "artistName": "Harsh",
            "albumName": "Akhiyan Kare Jee Hazoori",
            "trackUri": "spotify:track:24WZwwqm1oYuyFJy6MpeSJ"
          },
          "episode": null,
          "localTrack": null,
          "addedDate": "2022-07-07"
        },
        {
          "track": {
            "trackName": "Mere Bina - Lofi Flip",
            "artistName": "KSW",
            "albumName": "Mere Bina",
            "trackUri": "spotify:track:5f4CDQSxZJ8GuYdwMdz37V"
          },
          "episode": null,
          "localTrack": null,
          "addedDate": "2022-07-07"
        },
        {
          "track": {
            "trackName": "Teri Ore (Lo-Fi Flip)",
            "artistName": "VIBIE",
            "albumName": "Teri Ore (Lo-Fi Flip)",
            "trackUri": "spotify:track:05R5NzVM92huBXaszuXSZH"
          },
          "episode": null,
          "localTrack": null,
          "addedDate": "2022-07-07"
        },
        {
          "track": {
            "trackName": "Ghar Aao Na (Lofi Mix)",
            "artistName": "Shriyash Sahu",
            "albumName": "Ghar Aao Na (Lofi Mix)",
            "trackUri": "spotify:track:3qxEfIFTigT2vqv4NAWgOb"
          },
          "episode": null,
          "localTrack": null,
          "addedDate": "2022-07-07"
        },
        {
          "track": {
            "trackName": "Kal Ho Naa Ho - Lofi Flip",
            "artistName": "Sonu Nigam",
            "albumName": "Kal Ho Naa Ho",
            "trackUri": "spotify:track:126qPRASiPpi9l0o0WtBvg"
          },
          "episode": null,
          "localTrack": null,
          "addedDate": "2022-07-07"
        },
        {
          "track": {
            "trackName": "Shayad - Lofi Flip",
            "artistName": "VIBIE",
            "albumName": "Shayad",
            "trackUri": "spotify:track:0s8Ht3XaHDQuDjLnK3xVMW"
          },
          "episode": null,
          "localTrack": null,
          "addedDate": "2022-07-07"
        },
        {
          "track": {
            "trackName": "Laaree Chootee",
            "artistName": "WORMONO",
            "albumName": "Laaree Chootee",
            "trackUri": "spotify:track:0HnbfIzOu6eLF8Kb1mT9Wl"
          },
          "episode": null,
          "localTrack": null,
          "addedDate": "2022-07-07"
        },
        {
          "track": {
            "trackName": "Pehli Nazar Mein - Unplugged",
            "artistName": "Prashant Katheriya",
            "albumName": "The Ocean Of Memories",
            "trackUri": "spotify:track:0KL54asghI0T2DheMZMzJw"
          },
          "episode": null,
          "localTrack": null,
          "addedDate": "2022-07-07"
        },
        {
          "track": {
            "trackName": "Tum Tak - Lofi",
            "artistName": "Deep Joshi",
            "albumName": "Tum Tak - Lofi",
            "trackUri": "spotify:track:254YH9FmNX9NFrChkjGOnr"
          },
          "episode": null,
          "localTrack": null,
          "addedDate": "2022-07-07"
        },
        {
          "track": {
            "trackName": "Kahaani",
            "artistName": "Dream Note",
            "albumName": "Dhun",
            "trackUri": "spotify:track:5BVutSrGNR4PTukxt9FwzO"
          },
          "episode": null,
          "localTrack": null,
          "addedDate": "2022-07-07"
        },
        {
          "track": {
            "trackName": "Sajan bin",
            "artistName": "Psychotrap",
            "albumName": "Sajan bin",
            "trackUri": "spotify:track:7eQbXnAO2pABZStbBs11cQ"
          },
          "episode": null,
          "localTrack": null,
          "addedDate": "2022-07-07"
        },
        {
          "track": {
            "trackName": "Dil Ne",
            "artistName": "KASYAP",
            "albumName": "Dil Ne",
            "trackUri": "spotify:track:6TgV6Siset90PvUt9VCnhr"
          },
          "episode": null,
          "localTrack": null,
          "addedDate": "2022-07-07"
        },
        {
          "track": {
            "trackName": "Tu Mileya Lofi",
            "artistName": "Deep Joshi",
            "albumName": "Tu Mileya - Lofi",
            "trackUri": "spotify:track:4XdYK1Wmm4fhzamZRZ4mC4"
          },
          "episode": null,
          "localTrack": null,
          "addedDate": "2022-07-07"
        },
        {
          "track": {
            "trackName": "Tum Se Hi - Lofi Version",
            "artistName": "DJ Glory",
            "albumName": "Tum Se Hi",
            "trackUri": "spotify:track:380xLcAALslWhTp5GwvuWj"
          },
          "episode": null,
          "localTrack": null,
          "addedDate": "2022-07-07"
        },
        {
          "track": {
            "trackName": "Saiyyan - Lofi Version",
            "artistName": "Jay Kashyap",
            "albumName": "Saiyyan",
            "trackUri": "spotify:track:7pX9MwOH187D85GK84kPX0"
          },
          "episode": null,
          "localTrack": null,
          "addedDate": "2022-07-07"
        },
        {
          "track": {
            "trackName": "Dil Ko Karaar Aaya Lofi",
            "artistName": "Siam Hossain",
            "albumName": "Dil Ko Karaar Aaya Lofi",
            "trackUri": "spotify:track:3EOu9PdlgITjTh55oYw5RQ"
          },
          "episode": null,
          "localTrack": null,
          "addedDate": "2022-07-07"
        },
        {
          "track": {
            "trackName": "Kabira Lofi",
            "artistName": "Bollywood Boys",
            "albumName": "Kabira Lofi",
            "trackUri": "spotify:track:6VBPGqvYyt1eb5WLm2K4wW"
          },
          "episode": null,
          "localTrack": null,
          "addedDate": "2022-07-07"
        },
        {
          "track": {
            "trackName": "Piya O Re Piyaa (Lofi Edit)",
            "artistName": "Never Be Mine",
            "albumName": "Piya O Re Piyaa (Lofi Edit)",
            "trackUri": "spotify:track:7ayiP42lULdaTki31761lP"
          },
          "episode": null,
          "localTrack": null,
          "addedDate": "2022-07-07"
        },
        {
          "track": {
            "trackName": "Saibo - Lofi Flip",
            "artistName": "VIBIE",
            "albumName": "Saibo",
            "trackUri": "spotify:track:1E16f7KcZmuXuhlenRwA2m"
          },
          "episode": null,
          "localTrack": null,
          "addedDate": "2022-07-07"
        },
        {
          "track": {
            "trackName": "Hum Tum Kitne Paas Hein",
            "artistName": "Ketan Shah",
            "albumName": "Hum Tum Kitne Paas Hein",
            "trackUri": "spotify:track:4Dr3IReXkPN1lPzjkuNmKC"
          },
          "episode": null,
          "localTrack": null,
          "addedDate": "2022-07-07"
        },
        {
          "track": {
            "trackName": "Be Intehaan (Lofi Mix)",
            "artistName": "Atif Aslam",
            "albumName": "Be Intehaan (Lofi Mix)",
            "trackUri": "spotify:track:5Ocj680ji44AtRXvjPbfIp"
          },
          "episode": null,
          "localTrack": null,
          "addedDate": "2022-07-07"
        },
        {
          "track": {
            "trackName": "Waalian (Lo-Fi)",
            "artistName": "Sanjay S Yadav",
            "albumName": "Waalian (Lo-Fi)",
            "trackUri": "spotify:track:7FV1QLL5LRozVQOF6V5ggi"
          },
          "episode": null,
          "localTrack": null,
          "addedDate": "2022-07-07"
        },
        {
          "track": {
            "trackName": "Gawah Hai",
            "artistName": "Mc Real",
            "albumName": "Gawah Hai",
            "trackUri": "spotify:track:0Yt7fF31DT1gGlMp6u6iPx"
          },
          "episode": null,
          "localTrack": null,
          "addedDate": "2022-07-07"
        }
      ],
      "description": null,
      "numberOfFollowers": 0
    },
    {
      "name": "My Playlist #6",
      "lastModifiedDate": "2022-05-30",
      "items": [
      ],
      "description": null,
      "numberOfFollowers": 0
    },
    {
      "name": "My Playlist #5",
      "lastModifiedDate": "2022-05-27",
      "items": [
      ],
      "description": null,
      "numberOfFollowers": 0
    },
    {
      "name": "Pakistani Songs",
      "lastModifiedDate": "2022-07-09",
      "items": [
        {
          "track": {
            "trackName": "Mere Humsafar (Original Score) [Female Version]",
            "artistName": "Yashal Shahid",
            "albumName": "Mere Humsafar (Original Score) [Female Version]",
            "trackUri": "spotify:track:4BoFJMLSO3ZoD48KgnslSe"
          },
          "episode": null,
          "localTrack": null,
          "addedDate": "2022-04-17"
        },
        {
          "track": {
            "trackName": "Baari",
            "artistName": "Bilal Saeed",
            "albumName": "Baari",
            "trackUri": "spotify:track:0HTb4JfMtMkMYUtyd19In3"
          },
          "episode": null,
          "localTrack": null,
          "addedDate": "2022-07-09"
        }
      ],
      "description": null,
      "numberOfFollowers": 0
    },
    {
      "name": "Harikesh",
      "lastModifiedDate": "2022-03-19",
      "items": [
        {
          "track": {
            "trackName": "Enchanted",
            "artistName": "Taylor Swift",
            "albumName": "Speak Now",
            "trackUri": "spotify:track:04S1pkp1VaIqjg8zZqknR5"
          },
          "episode": null,
          "localTrack": null,
          "addedDate": "2022-03-19"
        },
        {
          "track": {
            "trackName": "Afterglow",
            "artistName": "Ed Sheeran",
            "albumName": "Afterglow",
            "trackUri": "spotify:track:0E4Y1XIbs8GrAT1YqVy6dq"
          },
          "episode": null,
          "localTrack": null,
          "addedDate": "2022-03-19"
        },
        {
          "track": {
            "trackName": "My Heart Will Go On - Love Theme from \"Titanic\"",
            "artistName": "Céline Dion",
            "albumName": "Let's Talk About Love",
            "trackUri": "spotify:track:33LC84JgLvK2KuW43MfaNq"
          },
          "episode": null,
          "localTrack": null,
          "addedDate": "2022-03-19"
        },
        {
          "track": {
            "trackName": "Señorita",
            "artistName": "Shawn Mendes",
            "albumName": "Shawn Mendes",
            "trackUri": "spotify:track:6v3KW9xbzN5yKLt9YKDYA2"
          },
          "episode": null,
          "localTrack": null,
          "addedDate": "2022-03-19"
        },
        {
          "track": {
            "trackName": "exile (feat. Bon Iver)",
            "artistName": "Taylor Swift",
            "albumName": "folklore",
            "trackUri": "spotify:track:4pvb0WLRcMtbPGmtejJJ6y"
          },
          "episode": null,
          "localTrack": null,
          "addedDate": "2022-03-19"
        },
        {
          "track": {
            "trackName": "willow",
            "artistName": "Taylor Swift",
            "albumName": "evermore",
            "trackUri": "spotify:track:0lx2cLdOt3piJbcaXIV74f"
          },
          "episode": null,
          "localTrack": null,
          "addedDate": "2022-03-19"
        },
        {
          "track": {
            "trackName": "evermore (feat. Bon Iver)",
            "artistName": "Taylor Swift",
            "albumName": "evermore",
            "trackUri": "spotify:track:3O5osWf1rSoKMwe6E9ZaXP"
          },
          "episode": null,
          "localTrack": null,
          "addedDate": "2022-03-19"
        },
        {
          "track": {
            "trackName": "Because You Loved Me (Theme from \"Up Close and Personal\")",
            "artistName": "Céline Dion",
            "albumName": "Falling into You",
            "trackUri": "spotify:track:28UMiBhn383n9S7GL4tsxD"
          },
          "episode": null,
          "localTrack": null,
          "addedDate": "2022-03-19"
        },
        {
          "track": {
            "trackName": "I Surrender",
            "artistName": "Céline Dion",
            "albumName": "A New Day Has Come",
            "trackUri": "spotify:track:67VjdDhTa5jzQxHGe6f26r"
          },
          "episode": null,
          "localTrack": null,
          "addedDate": "2022-03-19"
        },
        {
          "track": {
            "trackName": "The Power of Love",
            "artistName": "Céline Dion",
            "albumName": "The Colour Of My Love",
            "trackUri": "spotify:track:5kK1Iru9ogP3Iy1zsANU1n"
          },
          "episode": null,
          "localTrack": null,
          "addedDate": "2022-03-19"
        },
        {
          "track": {
            "trackName": "It's All Coming Back to Me Now",
            "artistName": "Céline Dion",
            "albumName": "Falling into You",
            "trackUri": "spotify:track:5EQzuYfTZt7B2LqlvTF49l"
          },
          "episode": null,
          "localTrack": null,
          "addedDate": "2022-03-19"
        },
        {
          "track": {
            "trackName": "Where Does My Heart Beat Now",
            "artistName": "Céline Dion",
            "albumName": "Unison",
            "trackUri": "spotify:track:7vsKlQM1SafffVCcd1NzJn"
          },
          "episode": null,
          "localTrack": null,
          "addedDate": "2022-03-19"
        },
        {
          "track": {
            "trackName": "Shape of You",
            "artistName": "Ed Sheeran",
            "albumName": "÷",
            "trackUri": "spotify:track:7qiZfU4dY1lWllzX7mPBI3"
          },
          "episode": null,
          "localTrack": null,
          "addedDate": "2022-03-19"
        },
        {
          "track": {
            "trackName": "Perfect",
            "artistName": "Ed Sheeran",
            "albumName": "÷",
            "trackUri": "spotify:track:0tgVpDi06FyKpA1z0VMD4v"
          },
          "episode": null,
          "localTrack": null,
          "addedDate": "2022-03-19"
        },
        {
          "track": {
            "trackName": "Teardrops On My Guitar - Radio Single Remix",
            "artistName": "Taylor Swift",
            "albumName": "Taylor Swift",
            "trackUri": "spotify:track:2TF4UtYreqNbQ6Z9AccldU"
          },
          "episode": null,
          "localTrack": null,
          "addedDate": "2022-03-19"
        },
        {
          "track": {
            "trackName": "Tim McGraw",
            "artistName": "Taylor Swift",
            "albumName": "Taylor Swift",
            "trackUri": "spotify:track:2Fn01AIMyHbha2ceNQeOqw"
          },
          "episode": null,
          "localTrack": null,
          "addedDate": "2022-03-19"
        },
        {
          "track": {
            "trackName": "A Whole New World",
            "artistName": "Lea Salonga",
            "albumName": "Aladdin: Special Edition Soundtrack",
            "trackUri": "spotify:track:506nvAQgHmkGd13ipZuBwo"
          },
          "episode": null,
          "localTrack": null,
          "addedDate": "2022-03-19"
        },
        {
          "track": {
            "trackName": "I Won't Say (I'm In Love)",
            "artistName": "Susan Egan",
            "albumName": "Hercules",
            "trackUri": "spotify:track:1HSJMLtNeDryJN76Tu5Ahf"
          },
          "episode": null,
          "localTrack": null,
          "addedDate": "2022-03-19"
        },
        {
          "track": {
            "trackName": "Mercy",
            "artistName": "Shawn Mendes",
            "albumName": "Illuminate",
            "trackUri": "spotify:track:0AS63m1wHv9n4VVRizK6Hc"
          },
          "episode": null,
          "localTrack": null,
          "addedDate": "2022-03-19"
        },
        {
          "track": {
            "trackName": "Faded",
            "artistName": "Alan Walker",
            "albumName": "Different World",
            "trackUri": "spotify:track:698ItKASDavgwZ3WjaWjtz"
          },
          "episode": null,
          "localTrack": null,
          "addedDate": "2022-03-19"
        },
        {
          "track": {
            "trackName": "Where Were You In The Morning?",
            "artistName": "Shawn Mendes",
            "albumName": "Shawn Mendes",
            "trackUri": "spotify:track:376Gg7Oxo5C5jUWDWpVXeI"
          },
          "episode": null,
          "localTrack": null,
          "addedDate": "2022-03-19"
        },
        {
          "track": {
            "trackName": "Tenerife Sea",
            "artistName": "Ed Sheeran",
            "albumName": "x",
            "trackUri": "spotify:track:1HbcclMpw0q2WDWpdGCKdS"
          },
          "episode": null,
          "localTrack": null,
          "addedDate": "2022-03-19"
        },
        {
          "track": {
            "trackName": "Let's Talk About Love",
            "artistName": "Céline Dion",
            "albumName": "Let's Talk About Love",
            "trackUri": "spotify:track:1gVX2sJy1oFzylg4Ew3F2X"
          },
          "episode": null,
          "localTrack": null,
          "addedDate": "2022-03-19"
        },
        {
          "track": {
            "trackName": "I'm Alive",
            "artistName": "Céline Dion",
            "albumName": "A New Day Has Come",
            "trackUri": "spotify:track:2FTZeRHQ4gRPViPMpWL9uX"
          },
          "episode": null,
          "localTrack": null,
          "addedDate": "2022-03-19"
        },
        {
          "track": {
            "trackName": "There's Nothing Holdin' Me Back",
            "artistName": "Shawn Mendes",
            "albumName": "Illuminate",
            "trackUri": "spotify:track:7JJmb5XwzOO8jgpou264Ml"
          },
          "episode": null,
          "localTrack": null,
          "addedDate": "2022-03-19"
        },
        {
          "track": {
            "trackName": "Anyone",
            "artistName": "Justin Bieber",
            "albumName": "Anyone",
            "trackUri": "spotify:track:31qCy5ZaophVA81wtlwLc4"
          },
          "episode": null,
          "localTrack": null,
          "addedDate": "2022-03-19"
        },
        {
          "track": {
            "trackName": "Our Song",
            "artistName": "Taylor Swift",
            "albumName": "Taylor Swift",
            "trackUri": "spotify:track:1j6gmK6u4WNI33lMZ8dC1s"
          },
          "episode": null,
          "localTrack": null,
          "addedDate": "2022-03-19"
        },
        {
          "track": {
            "trackName": "Style",
            "artistName": "Taylor Swift",
            "albumName": "1989",
            "trackUri": "spotify:track:0ug5NqcwcFR2xrfTkc7k8e"
          },
          "episode": null,
          "localTrack": null,
          "addedDate": "2022-03-19"
        },
        {
          "track": {
            "trackName": "Blank Space",
            "artistName": "Taylor Swift",
            "albumName": "1989",
            "trackUri": "spotify:track:1u8c2t2Cy7UBoG4ArRcF5g"
          },
          "episode": null,
          "localTrack": null,
          "addedDate": "2022-03-19"
        },
        {
          "track": {
            "trackName": "Lover",
            "artistName": "Taylor Swift",
            "albumName": "Lover",
            "trackUri": "spotify:track:1dGr1c8CrMLDpV6mPbImSI"
          },
          "episode": null,
          "localTrack": null,
          "addedDate": "2022-03-19"
        },
        {
          "track": {
            "trackName": "The Bones",
            "artistName": "Maren Morris",
            "albumName": "GIRL",
            "trackUri": "spotify:track:7yFhA2fUsL2oIMWlw5DaHQ"
          },
          "episode": null,
          "localTrack": null,
          "addedDate": "2022-03-19"
        },
        {
          "track": {
            "trackName": "Delicate",
            "artistName": "Taylor Swift",
            "albumName": "reputation",
            "trackUri": "spotify:track:6NFyWDv5CjfwuzoCkw47Xf"
          },
          "episode": null,
          "localTrack": null,
          "addedDate": "2022-03-19"
        },
        {
          "track": {
            "trackName": "Darkside",
            "artistName": "Alan Walker",
            "albumName": "Different World",
            "trackUri": "spotify:track:6SRWhUJcD2YKahCwHavz3X"
          },
          "episode": null,
          "localTrack": null,
          "addedDate": "2022-03-19"
        },
        {
          "track": {
            "trackName": "I See the Light - From \"Tangled\" / Soundtrack Version",
            "artistName": "Mandy Moore",
            "albumName": "Tangled",
            "trackUri": "spotify:track:6klpXs2uAjagnZMFkt4qkl"
          },
          "episode": null,
          "localTrack": null,
          "addedDate": "2022-03-19"
        },
        {
          "track": {
            "trackName": "Let It Go - From \"Frozen\"/Soundtrack Version",
            "artistName": "Idina Menzel",
            "albumName": "Frozen",
            "trackUri": "spotify:track:0qcr5FMsEO85NAQjrlDRKo"
          },
          "episode": null,
          "localTrack": null,
          "addedDate": "2022-03-19"
        },
        {
          "track": {
            "trackName": "Beauty and the Beast - from the Soundtrack \"Beauty and the Beast\"",
            "artistName": "Céline Dion",
            "albumName": "Celine Dion",
            "trackUri": "spotify:track:7B3UAPLYAbwXVgbHSKEaTw"
          },
          "episode": null,
          "localTrack": null,
          "addedDate": "2022-03-19"
        },
        {
          "track": {
            "trackName": "champagne problems",
            "artistName": "Taylor Swift",
            "albumName": "evermore",
            "trackUri": "spotify:track:0sY6ZUTh4yoctD8VIXz339"
          },
          "episode": null,
          "localTrack": null,
          "addedDate": "2022-03-19"
        },
        {
          "track": {
            "trackName": "Right In Front of You",
            "artistName": "Céline Dion",
            "albumName": "A New Day Has Come",
            "trackUri": "spotify:track:2BoLCHXNjxIiMV7ggkrlDQ"
          },
          "episode": null,
          "localTrack": null,
          "addedDate": "2022-03-19"
        },
        {
          "track": {
            "trackName": "Settling Down",
            "artistName": "Miranda Lambert",
            "albumName": "Wildcard",
            "trackUri": "spotify:track:53bZYxVbCYm6w1Gx8U64bz"
          },
          "episode": null,
          "localTrack": null,
          "addedDate": "2022-03-19"
        },
        {
          "track": {
            "trackName": "Bluebird",
            "artistName": "Miranda Lambert",
            "albumName": "Wildcard",
            "trackUri": "spotify:track:0kPeZAyIhIfeZNrtfjJGDB"
          },
          "episode": null,
          "localTrack": null,
          "addedDate": "2022-03-19"
        },
        {
          "track": {
            "trackName": "The Bones - with Hozier",
            "artistName": "Maren Morris",
            "albumName": "The Bones",
            "trackUri": "spotify:track:1yTTMcUhL7rtz08Dsgb7Qb"
          },
          "episode": null,
          "localTrack": null,
          "addedDate": "2022-03-19"
        },
        {
          "track": {
            "trackName": "august",
            "artistName": "Taylor Swift",
            "albumName": "folklore",
            "trackUri": "spotify:track:3hUxzQpSfdDqwM3ZTFQY0K"
          },
          "episode": null,
          "localTrack": null,
          "addedDate": "2022-03-19"
        },
        {
          "track": {
            "trackName": "Levitating",
            "artistName": "Dua Lipa",
            "albumName": "Future Nostalgia",
            "trackUri": "spotify:track:39LLxExYz6ewLAcYrzQQyP"
          },
          "episode": null,
          "localTrack": null,
          "addedDate": "2022-03-19"
        },
        {
          "track": {
            "trackName": "Don't Start Now",
            "artistName": "Dua Lipa",
            "albumName": "Future Nostalgia",
            "trackUri": "spotify:track:3PfIrDoz19wz7qK7tYeu62"
          },
          "episode": null,
          "localTrack": null,
          "addedDate": "2022-03-19"
        },
        {
          "track": {
            "trackName": "Watermelon Sugar",
            "artistName": "Harry Styles",
            "albumName": "Fine Line",
            "trackUri": "spotify:track:6UelLqGlWMcVH1E5c4H7lY"
          },
          "episode": null,
          "localTrack": null,
          "addedDate": "2022-03-19"
        },
        {
          "track": {
            "trackName": "You All Over Me (feat. Maren Morris) (Taylor’s Version) (From The Vault)",
            "artistName": "Taylor Swift",
            "albumName": "You All Over Me (feat. Maren Morris) (Taylor’s Version) (From The Vault)",
            "trackUri": "spotify:track:5pcjystBtalYeqaiXCcgEY"
          },
          "episode": null,
          "localTrack": null,
          "addedDate": "2022-03-19"
        },
        {
          "track": {
            "trackName": "Fake A Smile",
            "artistName": "Alan Walker",
            "albumName": "Fake A Smile",
            "trackUri": "spotify:track:6rAGFY9D3ah6Lb7fUgbNNH"
          },
          "episode": null,
          "localTrack": null,
          "addedDate": "2022-03-19"
        },
        {
          "track": {
            "trackName": "All Too Well",
            "artistName": "Taylor Swift",
            "albumName": "Red",
            "trackUri": "spotify:track:6GNRkaWUB0Lwc19SdkTgx8"
          },
          "episode": null,
          "localTrack": null,
          "addedDate": "2022-03-19"
        },
        {
          "track": {
            "trackName": "Untouchable (Taylor’s Version)",
            "artistName": "Taylor Swift",
            "albumName": "Fearless (Taylor's Version)",
            "trackUri": "spotify:track:0tQ9vBYpldCuikPsbgOVKA"
          },
          "episode": null,
          "localTrack": null,
          "addedDate": "2022-03-19"
        },
        {
          "track": {
            "trackName": "That’s When (feat. Keith Urban) (Taylor’s Version) (From The Vault)",
            "artistName": "Taylor Swift",
            "albumName": "Fearless (Taylor's Version)",
            "trackUri": "spotify:track:7eResoqEJJAVTkQYSqvO3P"
          },
          "episode": null,
          "localTrack": null,
          "addedDate": "2022-03-19"
        },
        {
          "track": {
            "trackName": "How Does A Moment Last Forever",
            "artistName": "Céline Dion",
            "albumName": "Beauty and the Beast",
            "trackUri": "spotify:track:0CJvw1j88DGbvDhqmjJgc8"
          },
          "episode": null,
          "localTrack": null,
          "addedDate": "2022-03-19"
        },
        {
          "track": {
            "trackName": "Bad Habits",
            "artistName": "Ed Sheeran",
            "albumName": "Bad Habits",
            "trackUri": "spotify:track:6PQ88X9TkUIAUIZJHW2upE"
          },
          "episode": null,
          "localTrack": null,
          "addedDate": "2022-03-19"
        },
        {
          "track": {
            "trackName": "A Thousand Years",
            "artistName": "Christina Perri",
            "albumName": "The Twilight Saga: Breaking Dawn - Part 1",
            "trackUri": "spotify:track:6z5Yh7kOKeLjqIsNdokIpU"
          },
          "episode": null,
          "localTrack": null,
          "addedDate": "2022-03-19"
        },
        {
          "track": {
            "trackName": "Shallow - Radio Edit",
            "artistName": "Lady Gaga",
            "albumName": "A Star Is Born Soundtrack",
            "trackUri": "spotify:track:6QfS2wq5sSC1xAJCQsTSlj"
          },
          "episode": null,
          "localTrack": null,
          "addedDate": "2022-03-19"
        },
        {
          "track": {
            "trackName": "Wolves",
            "artistName": "Selena Gomez",
            "albumName": "Wolves",
            "trackUri": "spotify:track:0tBbt8CrmxbjRP0pueQkyU"
          },
          "episode": null,
          "localTrack": null,
          "addedDate": "2022-03-19"
        },
        {
          "track": {
            "trackName": "Don't Go Yet",
            "artistName": "Camila Cabello",
            "albumName": "Don't Go Yet",
            "trackUri": "spotify:track:1058fW9H3fZA6QjYCdOBad"
          },
          "episode": null,
          "localTrack": null,
          "addedDate": "2022-03-19"
        },
        {
          "track": {
            "trackName": "Always Remember Us This Way",
            "artistName": "Lady Gaga",
            "albumName": "A Star Is Born Soundtrack",
            "trackUri": "spotify:track:2rbDhOo9Fh61Bbu23T2qCk"
          },
          "episode": null,
          "localTrack": null,
          "addedDate": "2022-03-19"
        },
        {
          "track": {
            "trackName": "Criminal",
            "artistName": "Britney Spears",
            "albumName": "Femme Fatale (Deluxe Version)",
            "trackUri": "spotify:track:6T689Jvh5KrSXyaPtUWZtQ"
          },
          "episode": null,
          "localTrack": null,
          "addedDate": "2022-03-19"
        },
        {
          "track": {
            "trackName": "Your Power",
            "artistName": "Billie Eilish",
            "albumName": "Happier Than Ever",
            "trackUri": "spotify:track:042Sl6Mn83JHyLEqdK7uI0"
          },
          "episode": null,
          "localTrack": null,
          "addedDate": "2022-03-19"
        },
        {
          "track": {
            "trackName": "Happier Than Ever",
            "artistName": "Billie Eilish",
            "albumName": "Happier Than Ever",
            "trackUri": "spotify:track:4RVwu0g32PAqgUiJoXsdF8"
          },
          "episode": null,
          "localTrack": null,
          "addedDate": "2022-03-19"
        },
        {
          "track": {
            "trackName": "Shameless",
            "artistName": "Camila Cabello",
            "albumName": "Romance",
            "trackUri": "spotify:track:2ogKhhoMClkFXek7ZgxAhN"
          },
          "episode": null,
          "localTrack": null,
          "addedDate": "2022-03-19"
        },
        {
          "track": {
            "trackName": "Living Proof",
            "artistName": "Camila Cabello",
            "albumName": "Living Proof",
            "trackUri": "spotify:track:1jg9clsGCDqOumfS0X5xm9"
          },
          "episode": null,
          "localTrack": null,
          "addedDate": "2022-03-19"
        },
        {
          "track": {
            "trackName": "Million To One - from the Amazon Original Movie \"Cinderella\"",
            "artistName": "Camila Cabello",
            "albumName": "Million To One",
            "trackUri": "spotify:track:3lzYrD0WcgGFiAFKkB2shE"
          },
          "episode": null,
          "localTrack": null,
          "addedDate": "2022-03-19"
        },
        {
          "track": {
            "trackName": "I'll Never Love Again - Extended Version",
            "artistName": "Lady Gaga",
            "albumName": "A Star Is Born Soundtrack",
            "trackUri": "spotify:track:2fbJ5Msx8KoDKpyufH5YsU"
          },
          "episode": null,
          "localTrack": null,
          "addedDate": "2022-03-19"
        },
        {
          "track": {
            "trackName": "Oops!...I Did It Again",
            "artistName": "Britney Spears",
            "albumName": "Oops!... I Did It Again",
            "trackUri": "spotify:track:6naxalmIoLFWR0siv8dnQQ"
          },
          "episode": null,
          "localTrack": null,
          "addedDate": "2022-03-19"
        },
        {
          "track": {
            "trackName": "Toxic",
            "artistName": "Britney Spears",
            "albumName": "In The Zone",
            "trackUri": "spotify:track:6I9VzXrHxO9rA9A5euc8Ak"
          },
          "episode": null,
          "localTrack": null,
          "addedDate": "2022-03-19"
        },
        {
          "track": {
            "trackName": "Love In The Dark",
            "artistName": "Adele",
            "albumName": "25",
            "trackUri": "spotify:track:0DuWDLjriRPjDRoPgaCslY"
          },
          "episode": null,
          "localTrack": null,
          "addedDate": "2022-03-19"
        },
        {
          "track": {
            "trackName": "All Too Well (10 Minute Version) (Taylor's Version) (From The Vault)",
            "artistName": "Taylor Swift",
            "albumName": "Red (Taylor's Version)",
            "trackUri": "spotify:track:5enxwA8aAbwZbf5qCHORXi"
          },
          "episode": null,
          "localTrack": null,
          "addedDate": "2022-03-19"
        },
        {
          "track": {
            "trackName": "Run (feat. Ed Sheeran) (Taylor’s Version) (From The Vault)",
            "artistName": "Taylor Swift",
            "albumName": "Red (Taylor's Version)",
            "trackUri": "spotify:track:4IQkfUsrwXol38VV3U7t7T"
          },
          "episode": null,
          "localTrack": null,
          "addedDate": "2022-03-19"
        },
        {
          "track": {
            "trackName": "Everything Has Changed (feat. Ed Sheeran) (Taylor’s Version)",
            "artistName": "Taylor Swift",
            "albumName": "Red (Taylor's Version)",
            "trackUri": "spotify:track:7qEUFOVcxRI19tbT68JcYK"
          },
          "episode": null,
          "localTrack": null,
          "addedDate": "2022-03-19"
        },
        {
          "track": {
            "trackName": "Overpass Graffiti",
            "artistName": "Ed Sheeran",
            "albumName": "=",
            "trackUri": "spotify:track:4btFHqumCO31GksfuBLLv3"
          },
          "episode": null,
          "localTrack": null,
          "addedDate": "2022-03-19"
        },
        {
          "track": {
            "trackName": "Begin Again (Taylor's Version)",
            "artistName": "Taylor Swift",
            "albumName": "Red (Taylor's Version)",
            "trackUri": "spotify:track:05GsNucq8Bngd9fnd4fRa0"
          },
          "episode": null,
          "localTrack": null,
          "addedDate": "2022-03-19"
        },
        {
          "track": {
            "trackName": "my tears ricochet",
            "artistName": "Taylor Swift",
            "albumName": "folklore",
            "trackUri": "spotify:track:1MgV7FIyNxIG7WzMRJV5HC"
          },
          "episode": null,
          "localTrack": null,
          "addedDate": "2022-03-19"
        },
        {
          "track": {
            "trackName": "Hello",
            "artistName": "Adele",
            "albumName": "25",
            "trackUri": "spotify:track:1Yk0cQdMLx5RzzFTYwmuld"
          },
          "episode": null,
          "localTrack": null,
          "addedDate": "2022-03-19"
        },
        {
          "track": {
            "trackName": "Someone Like You",
            "artistName": "Adele",
            "albumName": "21",
            "trackUri": "spotify:track:3bNv3VuUOKgrf5hu3YcuRo"
          },
          "episode": null,
          "localTrack": null,
          "addedDate": "2022-03-19"
        },
        {
          "track": {
            "trackName": "Easy On Me",
            "artistName": "Adele",
            "albumName": "Easy On Me",
            "trackUri": "spotify:track:0gplL1WMoJ6iYaPgMCL0gX"
          },
          "episode": null,
          "localTrack": null,
          "addedDate": "2022-03-19"
        },
        {
          "track": {
            "trackName": "All I Ask",
            "artistName": "Adele",
            "albumName": "25",
            "trackUri": "spotify:track:6DEMMeWXfmFAXgDUMMzeg6"
          },
          "episode": null,
          "localTrack": null,
          "addedDate": "2022-03-19"
        },
        {
          "track": {
            "trackName": "Rolling in the Deep",
            "artistName": "Adele",
            "albumName": "21",
            "trackUri": "spotify:track:4OSBTYWVwsQhGLF9NHvIbR"
          },
          "episode": null,
          "localTrack": null,
          "addedDate": "2022-03-19"
        },
        {
          "track": {
            "trackName": "Red (Taylor's Version)",
            "artistName": "Taylor Swift",
            "albumName": "Red (Taylor's Version)",
            "trackUri": "spotify:track:4OAuvHryIVv4kMDNSLuPt6"
          },
          "episode": null,
          "localTrack": null,
          "addedDate": "2022-03-19"
        },
        {
          "track": {
            "trackName": "No Time To Die",
            "artistName": "Billie Eilish",
            "albumName": "No Time To Die",
            "trackUri": "spotify:track:527BVezmvYjbc4JlVJW4Xj"
          },
          "episode": null,
          "localTrack": null,
          "addedDate": "2022-03-19"
        },
        {
          "track": {
            "trackName": "The Joker And The Queen (feat. Taylor Swift)",
            "artistName": "Ed Sheeran",
            "albumName": "The Joker And The Queen (feat. Taylor Swift)",
            "trackUri": "spotify:track:6N1K5OVVCopBjGViHs2IvP"
          },
          "episode": null,
          "localTrack": null,
          "addedDate": "2022-03-19"
        },
        {
          "track": {
            "trackName": "mirrorball",
            "artistName": "Taylor Swift",
            "albumName": "folklore",
            "trackUri": "spotify:track:0ZNU020wNYvgW84iljPkPP"
          },
          "episode": null,
          "localTrack": null,
          "addedDate": "2022-03-19"
        },
        {
          "track": {
            "trackName": "Let Somebody Go",
            "artistName": "Coldplay",
            "albumName": "Let Somebody Go",
            "trackUri": "spotify:track:4ImOgexLVNBnBfK1Gzq7Jw"
          },
          "episode": null,
          "localTrack": null,
          "addedDate": "2022-03-19"
        },
        {
          "track": {
            "trackName": "Make You Mine",
            "artistName": "PUBLIC",
            "albumName": "Make You Mine",
            "trackUri": "spotify:track:5iFwAOB2TFkPJk8sMlxP8g"
          },
          "episode": null,
          "localTrack": null,
          "addedDate": "2022-03-19"
        },
        {
          "track": {
            "trackName": "Cheap Thrills",
            "artistName": "Sia",
            "albumName": "This Is Acting",
            "trackUri": "spotify:track:27SdWb2rFzO6GWiYDBTD9j"
          },
          "episode": null,
          "localTrack": null,
          "addedDate": "2022-03-19"
        },
        {
          "track": {
            "trackName": "Bam Bam (feat. Ed Sheeran)",
            "artistName": "Camila Cabello",
            "albumName": "Bam Bam (feat. Ed Sheeran)",
            "trackUri": "spotify:track:0QBzMgT7NIeoCYy3sJCof1"
          },
          "episode": null,
          "localTrack": null,
          "addedDate": "2022-03-19"
        }
      ],
      "description": null,
      "numberOfFollowers": 0
    },
    {
      "name": "Punjabi songs",
      "lastModifiedDate": "2022-12-06",
      "items": [
        {
          "track": {
            "trackName": "Akhar (From \"Lahoriye\" Soundtrack)",
            "artistName": "Amrinder Gill",
            "albumName": "Akhar (From \"Lahoriye\" Soundtrack)",
            "trackUri": "spotify:track:2GP9Tvwbk0GPWQ80dcGbdk"
          },
          "episode": null,
          "localTrack": null,
          "addedDate": "2022-03-12"
        },
        {
          "track": {
            "trackName": "Mann Bharrya",
            "artistName": "B Praak",
            "albumName": "Mann Bharrya",
            "trackUri": "spotify:track:7JuOr6DF911fVvQIeMzGYF"
          },
          "episode": null,
          "localTrack": null,
          "addedDate": "2022-03-12"
        },
        {
          "track": {
            "trackName": "Awaaz",
            "artistName": "Kamal Khan",
            "albumName": "Qismat",
            "trackUri": "spotify:track:3gGAw6TuSuooyji2mJYkfh"
          },
          "episode": null,
          "localTrack": null,
          "addedDate": "2022-03-12"
        },
        {
          "track": {
            "trackName": "Pyar Tere Da Asar",
            "artistName": "Prabh Gill",
            "albumName": "Crossblade Live Season 1 Episode 4",
            "trackUri": "spotify:track:2p3nQtHRcMBc2mxwvOhjjz"
          },
          "episode": null,
          "localTrack": null,
          "addedDate": "2022-03-12"
        },
        {
          "track": {
            "trackName": "Tere Bina",
            "artistName": "Monty & Waris",
            "albumName": "Tere Bina Monty Waris",
            "trackUri": "spotify:track:6nwC4h8MbcZeLYiCoIIR13"
          },
          "episode": null,
          "localTrack": null,
          "addedDate": "2022-03-12"
        },
        {
          "track": {
            "trackName": "Kise Da Pyaar",
            "artistName": "Manpreet Singh",
            "albumName": "Kise Da Pyaar",
            "trackUri": "spotify:track:0rjorOHMSsOoEzVbw3UlTo"
          },
          "episode": null,
          "localTrack": null,
          "addedDate": "2022-03-12"
        },
        {
          "track": {
            "trackName": "I Still Adore U",
            "artistName": "Harman Hundal",
            "albumName": "Glimpse",
            "trackUri": "spotify:track:4oEYUFlVxuKG3GE1RSeBjI"
          },
          "episode": null,
          "localTrack": null,
          "addedDate": "2022-03-12"
        },
        {
          "track": {
            "trackName": "Afwah",
            "artistName": "Amrinder Gill",
            "albumName": "Tanhaaiyan",
            "trackUri": "spotify:track:4goQqVeydbCozY1NvMPrpn"
          },
          "episode": null,
          "localTrack": null,
          "addedDate": "2022-03-12"
        },
        {
          "track": {
            "trackName": "Rabb Khair Kare (From \"Daana Paani\" Soundtrack)",
            "artistName": "Prabh Gill",
            "albumName": "Rabb Khair Kare (From \"Daana Paani\" Soundtrack)",
            "trackUri": "spotify:track:3N25iKoD5THxn3ZM2vaAWS"
          },
          "episode": null,
          "localTrack": null,
          "addedDate": "2022-03-12"
        },
        {
          "track": {
            "trackName": "Dholna",
            "artistName": "B Praak",
            "albumName": "Qismat",
            "trackUri": "spotify:track:5KzkSvP5GO5mqpuLWP3TrW"
          },
          "episode": null,
          "localTrack": null,
          "addedDate": "2022-03-12"
        },
        {
          "track": {
            "trackName": "Soch",
            "artistName": "Harrdy Sandhu",
            "albumName": "Soch",
            "trackUri": "spotify:track:5ACG6R1PbFnP7WHZNVDHAi"
          },
          "episode": null,
          "localTrack": null,
          "addedDate": "2022-03-12"
        },
        {
          "track": {
            "trackName": "Just A Dream",
            "artistName": "Prem Dhillon",
            "albumName": "Just A Dream",
            "trackUri": "spotify:track:0Ri8OoQxg17NqCySClgZeO"
          },
          "episode": null,
          "localTrack": null,
          "addedDate": "2022-03-12"
        },
        {
          "track": {
            "trackName": "Baari",
            "artistName": "Bilal Saeed",
            "albumName": "Baari",
            "trackUri": "spotify:track:0HTb4JfMtMkMYUtyd19In3"
          },
          "episode": null,
          "localTrack": null,
          "addedDate": "2022-03-12"
        },
        {
          "track": {
            "trackName": "Pinjraa",
            "artistName": "Gurnazar",
            "albumName": "Pinjraa",
            "trackUri": "spotify:track:2v8nZPSbOAOYMHYG7ugTi3"
          },
          "episode": null,
          "localTrack": null,
          "addedDate": "2022-03-12"
        },
        {
          "track": {
            "trackName": "Kde Kde",
            "artistName": "Harvi",
            "albumName": "Kde Kde",
            "trackUri": "spotify:track:1YvDD9JGHnFaXBxiUuL8mX"
          },
          "episode": null,
          "localTrack": null,
          "addedDate": "2022-03-12"
        },
        {
          "track": {
            "trackName": "Jind Mahi",
            "artistName": "Gitaz Bindrakhia",
            "albumName": "Jind Mahi (The Name of Love)",
            "trackUri": "spotify:track:0X7VaOndru5lLexamW0AVJ"
          },
          "episode": null,
          "localTrack": null,
          "addedDate": "2022-03-14"
        },
        {
          "track": {
            "trackName": "Mithe Jehe Hasse (Your Smile)",
            "artistName": "Ajit chhaniwala",
            "albumName": "Mithe Jehe Hasse (Your Smile)",
            "trackUri": "spotify:track:5b5H4H16kvEVX7jWHiVPnB"
          },
          "episode": null,
          "localTrack": null,
          "addedDate": "2022-11-05"
        },
        {
          "track": {
            "trackName": "Mere Yaara Ve",
            "artistName": "B Praak",
            "albumName": "Qismat 2",
            "trackUri": "spotify:track:6udk7M51r1EzKtC19fuJxJ"
          },
          "episode": null,
          "localTrack": null,
          "addedDate": "2022-11-05"
        },
        {
          "track": {
            "trackName": "Band Darvaze",
            "artistName": "Amrinder Gill",
            "albumName": "Judaa 3 Chapter 1",
            "trackUri": "spotify:track:2R3doWDwQx2uDYSreKowEQ"
          },
          "episode": null,
          "localTrack": null,
          "addedDate": "2022-11-05"
        },
        {
          "track": {
            "trackName": "Janam",
            "artistName": "Romy",
            "albumName": "Qismat 2",
            "trackUri": "spotify:track:3JQ68h0myhhh7qdx0hhFYn"
          },
          "episode": null,
          "localTrack": null,
          "addedDate": "2022-11-07"
        },
        {
          "track": {
            "trackName": "Jhaanjar (From \"Honeymoon\")",
            "artistName": "B Praak",
            "albumName": "Jhaanjar (From \"Honeymoon\")",
            "trackUri": "spotify:track:6UCOYYKgwCJpENkEFHjw50"
          },
          "episode": null,
          "localTrack": null,
          "addedDate": "2022-12-06"
        }
      ],
      "description": null,
      "numberOfFollowers": 0
    },
    {
      "name": "Sandeep Kumar",
      "lastModifiedDate": "2020-11-08",
      "items": [
        {
          "track": {
            "trackName": "Banke Butterfly - Remix",
            "artistName": "Jass Manak",
            "albumName": "Manak Superhits",
            "trackUri": "spotify:track:4VBgatjoP5dzWIzOpwq2Wr"
          },
          "episode": null,
          "localTrack": null,
          "addedDate": "2020-11-08"
        }
      ],
      "description": null,
      "numberOfFollowers": 0
    }
  ]
}