[
  {
    "platform" : "ANDROID",
    "searchTime" : "2022-09-24T06:37:02.493Z[UTC]",
    "searchQuery" : "sliw study",
    "searchInteractionURIs" : [
      "spotify:show:203RXXkT9fK2mcX4t8Qp5d",
      "spotify:playlist:584RbMFZD09euIBiUbbHn3"
    ]
  },
  {
    "platform" : "ANDROID_ARM",
    "searchTime" : "2022-09-26T06:03:29.011Z[UTC]",
    "searchQuery" : "bade ",
    "searchInteractionURIs" : [
    ]
  },
  {
    "platform" : "ANDROID",
    "searchTime" : "2022-09-26T06:03:30.372Z[UTC]",
    "searchQuery" : "bade ache lag",
    "searchInteractionURIs" : [
      "spotify:track:6MZCYPT3hZPzwJGLnXn1RF",
      "spotify:track:2XDcz3kGCUXSIz6aPcqPCV",
      "spotify:track:2NIoop5sQ1Wr7rIuuvy2ol",
      "spotify:track:0bewCe0THyDeZgjVxdYPDS",
      "spotify:playlist:3tnqjBtxkydqDWHxe7GFPw"
    ]
  },
  {
    "platform" : "ANDROID",
    "searchTime" : "2022-09-27T04:00:48.878Z[UTC]",
    "searchQuery" : "janna",
    "searchInteractionURIs" : [
      "spotify:track:6yzxDlblhlYBepcieip20S"
    ]
  },
  {
    "platform" : "ANDROID_ARM",
    "searchTime" : "2022-10-12T12:00:12.800Z[UTC]",
    "searchQuery" : "m",
    "searchInteractionURIs" : [
    ]
  },
  {
    "platform" : "ANDROID",
    "searchTime" : "2022-10-12T12:00:16.225Z[UTC]",
    "searchQuery" : "mein te",
    "searchInteractionURIs" : [
      "spotify:track:2MaMvWhEfBFlgJ9S5uNmeS"
    ]
  },
  {
    "platform" : "ANDROID",
    "searchTime" : "2022-10-13T07:38:40.433Z[UTC]",
    "searchQuery" : "ma",
    "searchInteractionURIs" : [
      "spotify:track:7JuOr6DF911fVvQIeMzGYF"
    ]
  },
  {
    "platform" : "ANDROID",
    "searchTime" : "2022-10-13T07:51:29.472Z[UTC]",
    "searchQuery" : "janam",
    "searchInteractionURIs" : [
      "spotify:track:3JQ68h0myhhh7qdx0hhFYn",
      "spotify:track:3JQ68h0myhhh7qdx0hhFYn"
    ]
  },
  {
    "platform" : "ANDROID_ARM",
    "searchTime" : "2022-10-13T09:40:39.771Z[UTC]",
    "searchQuery" : "m",
    "searchInteractionURIs" : [
    ]
  },
  {
    "platform" : "ANDROID",
    "searchTime" : "2022-10-13T09:40:42.446Z[UTC]",
    "searchQuery" : "mere yara",
    "searchInteractionURIs" : [
      "spotify:track:6udk7M51r1EzKtC19fuJxJ",
      "spotify:track:6udk7M51r1EzKtC19fuJxJ",
      "spotify:track:6udk7M51r1EzKtC19fuJxJ"
    ]
  },
  {
    "platform" : "ANDROID_ARM",
    "searchTime" : "2022-10-23T08:20:46.808Z[UTC]",
    "searchQuery" : "a",
    "searchInteractionURIs" : [
    ]
  },
  {
    "platform" : "ANDROID",
    "searchTime" : "2022-10-23T08:20:48.321Z[UTC]",
    "searchQuery" : "awa",
    "searchInteractionURIs" : [
      "spotify:track:3gGAw6TuSuooyji2mJYkfh"
    ]
  },
  {
    "platform" : "ANDROID",
    "searchTime" : "2022-10-23T08:26:49.478Z[UTC]",
    "searchQuery" : "awa",
    "searchInteractionURIs" : [
    ]
  },
  {
    "platform" : "ANDROID",
    "searchTime" : "2022-10-23T08:27:28.495Z[UTC]",
    "searchQuery" : "jan",
    "searchInteractionURIs" : [
      "spotify:track:3JQ68h0myhhh7qdx0hhFYn"
    ]
  },
  {
    "platform" : "ANDROID",
    "searchTime" : "2022-10-27T05:51:56.412Z[UTC]",
    "searchQuery" : "mere yaran",
    "searchInteractionURIs" : [
      "spotify:track:6udk7M51r1EzKtC19fuJxJ",
      "spotify:track:6udk7M51r1EzKtC19fuJxJ"
    ]
  },
  {
    "platform" : "ANDROID",
    "searchTime" : "2022-11-05T11:11:34.145Z[UTC]",
    "searchQuery" : "mere ",
    "searchInteractionURIs" : [
      "spotify:track:4BoFJMLSO3ZoD48KgnslSe"
    ]
  },
  {
    "platform" : "ANDROID",
    "searchTime" : "2022-11-05T11:21:51.639Z[UTC]",
    "searchQuery" : "mere yara",
    "searchInteractionURIs" : [
      "spotify:track:6udk7M51r1EzKtC19fuJxJ",
      "spotify:track:1jFkjPgBzsIgUyfPiaREx8",
      "spotify:track:6udk7M51r1EzKtC19fuJxJ"
    ]
  },
  {
    "platform" : "ANDROID_ARM",
    "searchTime" : "2022-11-05T11:38:49.069Z[UTC]",
    "searchQuery" : "tere me",
    "searchInteractionURIs" : [
    ]
  },
  {
    "platform" : "ANDROID",
    "searchTime" : "2022-11-05T11:44:01.009Z[UTC]",
    "searchQuery" : "mith",
    "searchInteractionURIs" : [
      "spotify:track:5b5H4H16kvEVX7jWHiVPnB",
      "spotify:track:1ibCLPKD6ExDldtWEXXkHN"
    ]
  },
  {
    "platform" : "ANDROID_ARM",
    "searchTime" : "2022-11-05T12:23:28.025Z[UTC]",
    "searchQuery" : "ja",
    "searchInteractionURIs" : [
    ]
  },
  {
    "platform" : "ANDROID_ARM",
    "searchTime" : "2022-11-05T12:23:28.939Z[UTC]",
    "searchQuery" : "jab we",
    "searchInteractionURIs" : [
    ]
  },
  {
    "platform" : "ANDROID",
    "searchTime" : "2022-11-05T12:23:29.805Z[UTC]",
    "searchQuery" : "jab we me",
    "searchInteractionURIs" : [
      "spotify:album:4OYdTHNgjhXzgVjbqsb0tO",
      "spotify:track:3fWMFwaJil8fD14JCgwbcL",
      "spotify:track:3fWMFwaJil8fD14JCgwbcL",
      "spotify:track:3fWMFwaJil8fD14JCgwbcL",
      "spotify:track:2JufX9vDWHvk4odvJnWcIs"
    ]
  },
  {
    "platform" : "ANDROID",
    "searchTime" : "2022-11-05T12:24:31.449Z[UTC]",
    "searchQuery" : "maula ",
    "searchInteractionURIs" : [
      "spotify:track:4CGBTtlrjZj7ydpV52cgB4",
      "spotify:track:4CGBTtlrjZj7ydpV52cgB4"
    ]
  },
  {
    "platform" : "ANDROID",
    "searchTime" : "2022-11-05T12:59:14.710Z[UTC]",
    "searchQuery" : "maula ",
    "searchInteractionURIs" : [
    ]
  },
  {
    "platform" : "ANDROID_ARM",
    "searchTime" : "2022-11-05T13:22:33.715Z[UTC]",
    "searchQuery" : "ju",
    "searchInteractionURIs" : [
    ]
  },
  {
    "platform" : "ANDROID_ARM",
    "searchTime" : "2022-11-05T13:22:34.580Z[UTC]",
    "searchQuery" : "just a",
    "searchInteractionURIs" : [
    ]
  },
  {
    "platform" : "ANDROID",
    "searchTime" : "2022-11-05T13:22:35.376Z[UTC]",
    "searchQuery" : "just a ",
    "searchInteractionURIs" : [
      "spotify:track:0Ri8OoQxg17NqCySClgZeO"
    ]
  },
  {
    "platform" : "ANDROID_ARM",
    "searchTime" : "2022-11-05T13:22:40.164Z[UTC]",
    "searchQuery" : "just ",
    "searchInteractionURIs" : [
    ]
  },
  {
    "platform" : "ANDROID_ARM",
    "searchTime" : "2022-11-05T13:22:42.166Z[UTC]",
    "searchQuery" : "o",
    "searchInteractionURIs" : [
    ]
  },
  {
    "platform" : "ANDROID",
    "searchTime" : "2022-11-05T13:22:44.382Z[UTC]",
    "searchQuery" : "one dream ",
    "searchInteractionURIs" : [
    ]
  },
  {
    "platform" : "ANDROID_ARM",
    "searchTime" : "2022-11-05T13:22:47.006Z[UTC]",
    "searchQuery" : "on",
    "searchInteractionURIs" : [
    ]
  },
  {
    "platform" : "ANDROID",
    "searchTime" : "2022-11-05T13:24:17.994Z[UTC]",
    "searchQuery" : "mithe",
    "searchInteractionURIs" : [
      "spotify:track:5b5H4H16kvEVX7jWHiVPnB"
    ]
  },
  {
    "platform" : "ANDROID_ARM",
    "searchTime" : "2022-11-10T06:30:25.232Z[UTC]",
    "searchQuery" : "pyar te",
    "searchInteractionURIs" : [
    ]
  },
  {
    "platform" : "ANDROID_ARM",
    "searchTime" : "2022-11-10T06:30:25.239Z[UTC]",
    "searchQuery" : "pyar ter",
    "searchInteractionURIs" : [
    ]
  },
  {
    "platform" : "ANDROID_ARM",
    "searchTime" : "2022-11-10T06:51:18.873Z[UTC]",
    "searchQuery" : "band d",
    "searchInteractionURIs" : [
    ]
  },
  {
    "platform" : "ANDROID_ARM",
    "searchTime" : "2022-11-18T12:28:07.921Z[UTC]",
    "searchQuery" : "sbow on ",
    "searchInteractionURIs" : [
    ]
  },
  {
    "platform" : "ANDROID_ARM",
    "searchTime" : "2022-11-20T17:22:27.867Z[UTC]",
    "searchQuery" : "h",
    "searchInteractionURIs" : [
    ]
  },
  {
    "platform" : "ANDROID_ARM",
    "searchTime" : "2022-11-20T17:22:28.568Z[UTC]",
    "searchQuery" : "hosa",
    "searchInteractionURIs" : [
    ]
  },
  {
    "platform" : "ANDROID_ARM",
    "searchTime" : "2022-11-20T17:22:28.806Z[UTC]",
    "searchQuery" : "hosan",
    "searchInteractionURIs" : [
    ]
  },
  {
    "platform" : "ANDROID_ARM",
    "searchTime" : "2022-11-20T17:22:29.173Z[UTC]",
    "searchQuery" : "hosann",
    "searchInteractionURIs" : [
    ]
  },
  {
    "platform" : "ANDROID_ARM",
    "searchTime" : "2022-11-30T10:44:58.181Z[UTC]",
    "searchQuery" : "t",
    "searchInteractionURIs" : [
    ]
  },
  {
    "platform" : "ANDROID_ARM",
    "searchTime" : "2022-11-30T10:44:58.937Z[UTC]",
    "searchQuery" : "tu j",
    "searchInteractionURIs" : [
    ]
  },
  {
    "platform" : "ANDROID_ARM",
    "searchTime" : "2022-11-30T10:44:59.440Z[UTC]",
    "searchQuery" : "tu jhoo",
    "searchInteractionURIs" : [
    ]
  },
  {
    "platform" : "ANDROID_ARM",
    "searchTime" : "2022-12-01T07:42:51Z[UTC]",
    "searchQuery" : "l",
    "searchInteractionURIs" : [
    ]
  },
  {
    "platform" : "ANDROID_ARM",
    "searchTime" : "2022-12-01T07:42:55.407Z[UTC]",
    "searchQuery" : "lagi ",
    "searchInteractionURIs" : [
    ]
  },
  {
    "platform" : "ANDROID_ARM",
    "searchTime" : "2022-12-01T07:43:10.510Z[UTC]",
    "searchQuery" : "lagan",
    "searchInteractionURIs" : [
    ]
  },
  {
    "platform" : "ANDROID_ARM",
    "searchTime" : "2022-12-01T07:43:10.749Z[UTC]",
    "searchQuery" : "lagan ",
    "searchInteractionURIs" : [
    ]
  },
  {
    "platform" : "ANDROID_ARM",
    "searchTime" : "2022-12-01T07:43:11.050Z[UTC]",
    "searchQuery" : "lagan j",
    "searchInteractionURIs" : [
    ]
  },
  {
    "platform" : "ANDROID_ARM",
    "searchTime" : "2022-12-05T07:04:24.663Z[UTC]",
    "searchQuery" : "guru na",
    "searchInteractionURIs" : [
    ]
  }
]